state_ut,district,rape,arson,cruelty_by_husband_or_his_relatives,robbery,culpable_homicide_not_amounting_to_murder,custodial_rape,theft,riots,year,auto_theft,causing_death_by_negligence,kidnapping_abduction,dacoity,cheating,murder,criminal_breach_of_trust,other_ipc_crimes,dowry_deaths,assault_on_women_with_intent_to_outrage_her_modesty,location
ANDHRA PRADESH,ADILABAD,50,30,175,41,17,0,199,78,2001,22,181,46,9,104,101,16,1518,16,149,"ANDHRA PRADESH,ADILABAD"
ANDHRA PRADESH,ANANTAPUR,23,69,154,16,1,0,366,168,2001,57,270,53,8,65,151,11,754,7,118,"ANDHRA PRADESH,ANANTAPUR"
ANDHRA PRADESH,CHITTOOR,27,38,186,14,2,0,723,156,2001,164,404,59,4,209,101,33,1262,14,112,"ANDHRA PRADESH,CHITTOOR"
ANDHRA PRADESH,CUDDAPAH,20,23,57,4,1,0,173,164,2001,36,233,25,1,37,80,12,1181,17,126,"ANDHRA PRADESH,CUDDAPAH"
ANDHRA PRADESH,EAST GODAVARI,23,41,247,25,1,0,1021,70,2001,150,431,49,4,220,82,50,2313,12,109,"ANDHRA PRADESH,EAST GODAVARI"
ANDHRA PRADESH,GUNTAKAL RLY.,0,0,0,2,0,0,162,1,2001,0,4,0,5,0,3,0,104,0,1,"ANDHRA PRADESH,GUNTAKAL RLY."
ANDHRA PRADESH,GUNTUR,54,43,378,59,2,0,1122,244,2001,171,369,82,16,300,182,67,2426,7,139,"ANDHRA PRADESH,GUNTUR"
ANDHRA PRADESH,HYDERABAD CITY,37,0,746,67,7,0,2792,65,2001,1128,409,80,13,1293,111,101,1512,24,118,"ANDHRA PRADESH,HYDERABAD CITY"
ANDHRA PRADESH,KARIMNAGAR,56,33,224,50,6,0,392,220,2001,54,322,67,27,243,162,25,1726,62,414,"ANDHRA PRADESH,KARIMNAGAR"
ANDHRA PRADESH,KHAMMAM,47,73,172,13,1,0,368,153,2001,34,209,41,1,130,93,35,1450,17,180,"ANDHRA PRADESH,KHAMMAM"
ANDHRA PRADESH,KRISHNA,37,62,265,15,0,0,478,70,2001,27,268,36,3,104,65,24,862,10,208,"ANDHRA PRADESH,KRISHNA"
ANDHRA PRADESH,KURNOOL,29,5,92,22,4,0,297,84,2001,6,292,47,6,126,133,6,1401,13,141,"ANDHRA PRADESH,KURNOOL"
ANDHRA PRADESH,MAHABOOBNAGAR,59,0,69,27,26,0,316,157,2001,33,280,42,8,84,157,22,2158,14,176,"ANDHRA PRADESH,MAHABOOBNAGAR"
ANDHRA PRADESH,MEDAK,35,37,192,26,12,0,286,100,2001,36,335,26,27,87,101,17,454,26,100,"ANDHRA PRADESH,MEDAK"
ANDHRA PRADESH,NALGONDA,35,72,214,28,1,0,318,220,2001,43,432,27,6,122,122,13,1781,31,188,"ANDHRA PRADESH,NALGONDA"
ANDHRA PRADESH,NELLORE,46,65,287,16,5,0,608,97,2001,72,266,90,12,177,89,20,1585,10,207,"ANDHRA PRADESH,NELLORE"
ANDHRA PRADESH,NIZAMABAD,21,30,228,22,14,0,234,51,2001,48,220,38,7,122,106,61,787,19,55,"ANDHRA PRADESH,NIZAMABAD"
ANDHRA PRADESH,PRAKASHAM,19,43,119,14,3,0,278,138,2001,33,263,31,15,88,102,16,808,5,140,"ANDHRA PRADESH,PRAKASHAM"
ANDHRA PRADESH,RANGA REDDY,72,67,421,78,16,0,1296,65,2001,347,593,106,24,527,214,67,2103,37,113,"ANDHRA PRADESH,RANGA REDDY"
ANDHRA PRADESH,SECUNDERABAD RLY.,0,0,0,10,0,0,296,1,2001,0,6,0,0,4,6,2,68,1,0,"ANDHRA PRADESH,SECUNDERABAD RLY."
ANDHRA PRADESH,SRIKAKULAM,8,34,108,4,4,0,231,70,2001,1,167,12,1,53,38,18,926,6,38,"ANDHRA PRADESH,SRIKAKULAM"
ANDHRA PRADESH,VIJAYAWADA,25,17,520,27,5,0,2057,19,2001,264,234,70,3,614,53,34,724,2,84,"ANDHRA PRADESH,VIJAYAWADA"
ANDHRA PRADESH,VIJAYAWADA RLY.,1,0,0,1,0,0,265,1,2001,0,2,0,0,3,2,2,25,0,1,"ANDHRA PRADESH,VIJAYAWADA RLY."
ANDHRA PRADESH,VISAKHA RURAL,12,31,99,3,0,0,165,138,2001,0,216,12,4,39,58,19,685,3,67,"ANDHRA PRADESH,VISAKHA RURAL"
ANDHRA PRADESH,VISAKHAPATNAM,13,15,204,5,1,0,630,9,2001,172,196,13,1,192,22,37,928,0,33,"ANDHRA PRADESH,VISAKHAPATNAM"
ANDHRA PRADESH,VIZIANAGARAM,8,12,121,2,1,0,144,36,2001,0,175,8,0,41,33,11,880,0,40,"ANDHRA PRADESH,VIZIANAGARAM"
ANDHRA PRADESH,WARANGAL,53,0,165,23,5,0,418,330,2001,79,269,81,2,137,158,6,2314,52,241,"ANDHRA PRADESH,WARANGAL"
ANDHRA PRADESH,WEST GODAVARI,61,32,348,15,1,0,1116,96,2001,74,354,41,7,270,77,63,1609,15,246,"ANDHRA PRADESH,WEST GODAVARI"
ANDHRA PRADESH,TOTAL,871,872,5791,629,136,0,16751,3001,2001,3051,7400,1182,214,5391,2602,788,34344,420,3544,"ANDHRA PRADESH,TOTAL"
ARUNACHAL PRADESH,CHANGLANG,1,1,0,4,0,0,24,0,2001,0,0,3,3,3,11,4,54,0,3,"ARUNACHAL PRADESH,CHANGLANG"
ARUNACHAL PRADESH,DIBANG VALLEY,2,0,2,5,0,0,19,0,2001,1,0,4,2,0,3,3,45,0,4,"ARUNACHAL PRADESH,DIBANG VALLEY"
ARUNACHAL PRADESH,KAMENG EAST,2,1,0,6,0,0,26,0,2001,0,0,7,1,1,3,1,28,0,5,"ARUNACHAL PRADESH,KAMENG EAST"
ARUNACHAL PRADESH,KAMENG WEST,0,0,0,0,0,0,26,0,2001,0,0,2,1,4,4,1,30,0,0,"ARUNACHAL PRADESH,KAMENG WEST"
ARUNACHAL PRADESH,LOHIT,2,2,0,8,1,0,31,3,2001,0,0,6,2,2,16,5,38,0,8,"ARUNACHAL PRADESH,LOHIT"
ARUNACHAL PRADESH,PAPUM PARE,9,1,3,29,0,0,109,9,2001,29,0,15,4,8,11,12,129,0,6,"ARUNACHAL PRADESH,PAPUM PARE"
ARUNACHAL PRADESH,SIANG EAST,5,1,2,8,0,0,52,1,2001,4,0,11,4,4,7,4,54,0,7,"ARUNACHAL PRADESH,SIANG EAST"
ARUNACHAL PRADESH,SIANG UPPER,2,2,0,0,0,0,9,1,2001,0,0,5,0,0,1,1,11,0,3,"ARUNACHAL PRADESH,SIANG UPPER"
ARUNACHAL PRADESH,SIANG WEST,4,3,2,10,0,0,72,2,2001,1,0,17,1,5,5,5,89,0,25,"ARUNACHAL PRADESH,SIANG WEST"
ARUNACHAL PRADESH,SUBANSIRI LOWER,2,2,0,7,1,0,25,5,2001,0,0,6,1,2,8,3,44,0,4,"ARUNACHAL PRADESH,SUBANSIRI LOWER"
ARUNACHAL PRADESH,SUBANSIRI UPPER,2,0,2,5,0,0,20,2,2001,0,0,1,3,0,4,2,40,0,8,"ARUNACHAL PRADESH,SUBANSIRI UPPER"
ARUNACHAL PRADESH,TAWANG,1,0,0,0,0,0,13,0,2001,1,0,0,0,1,2,0,19,0,5,"ARUNACHAL PRADESH,TAWANG"
ARUNACHAL PRADESH,TIRAP,1,0,0,2,1,0,17,1,2001,0,0,6,0,0,8,0,37,0,0,"ARUNACHAL PRADESH,TIRAP"
ARUNACHAL PRADESH,TOTAL,33,13,11,84,3,0,443,24,2001,36,0,83,22,30,83,41,618,0,78,"ARUNACHAL PRADESH,TOTAL"
ASSAM,BARPETA,28,38,95,45,0,0,187,196,2001,2,87,105,43,29,64,26,430,10,29,"ASSAM,BARPETA"
ASSAM,BONGAIGAON,20,12,26,25,0,0,92,87,2001,0,50,36,13,13,45,4,188,1,22,"ASSAM,BONGAIGAON"
ASSAM,C.I.D.,0,0,0,0,0,0,1,0,2001,0,0,0,0,5,0,0,2,0,0,"ASSAM,C.I.D."
ASSAM,CACHAR,45,64,216,42,1,0,359,533,2001,0,235,104,29,33,52,29,1124,7,80,"ASSAM,CACHAR"
ASSAM,DARRANG,48,16,37,29,0,0,185,100,2001,2,66,64,21,25,61,21,273,9,56,"ASSAM,DARRANG"
ASSAM,DHEMAJI,42,16,0,12,0,0,79,13,2001,0,20,31,2,15,15,7,126,0,26,"ASSAM,DHEMAJI"
ASSAM,DHUBRI,43,23,111,19,0,0,83,402,2001,2,47,69,53,24,65,11,204,5,49,"ASSAM,DHUBRI"
ASSAM,DIBRUGARH,35,20,19,29,6,0,325,21,2001,18,108,57,14,12,110,13,264,3,41,"ASSAM,DIBRUGARH"
ASSAM,G.R.P.,1,0,0,16,0,0,135,9,2001,0,0,3,8,0,13,1,110,0,0,"ASSAM,G.R.P."
ASSAM,GOALPARA,35,4,64,13,0,0,116,129,2001,1,99,43,37,16,28,8,100,1,54,"ASSAM,GOALPARA"
ASSAM,GOLAGHAT,30,21,26,27,0,0,211,26,2001,27,73,44,13,20,53,3,363,0,23,"ASSAM,GOLAGHAT"
ASSAM,GUWAHATI CITY,37,18,98,73,12,0,736,151,2001,124,311,129,38,72,71,52,1308,5,67,"ASSAM,GUWAHATI CITY"
ASSAM,HAILAKANDI,24,19,28,8,0,0,92,160,2001,1,26,36,6,14,18,6,197,2,27,"ASSAM,HAILAKANDI"
ASSAM,JORHAT,42,13,48,27,2,0,230,30,2001,27,58,37,6,23,40,21,363,2,44,"ASSAM,JORHAT"
ASSAM,KAMRUP,21,6,27,41,8,0,275,55,2001,40,52,95,30,50,37,26,612,2,42,"ASSAM,KAMRUP"
ASSAM,KARBI ANGLONG,5,24,8,33,3,0,79,90,2001,3,35,38,12,11,65,3,200,4,5,"ASSAM,KARBI ANGLONG"
ASSAM,KARIMGANJ,33,17,30,5,0,0,114,271,2001,9,20,42,8,8,32,9,97,1,9,"ASSAM,KARIMGANJ"
ASSAM,KOKRAJHAR,14,6,20,10,1,0,89,50,2001,0,50,41,14,10,87,3,117,0,37,"ASSAM,KOKRAJHAR"
ASSAM,LAKHIMPUR,64,0,93,47,1,0,195,106,2001,0,89,72,15,71,26,25,422,0,22,"ASSAM,LAKHIMPUR"
ASSAM,MORIGAON,23,5,28,10,0,0,66,79,2001,3,45,39,15,7,20,4,259,0,6,"ASSAM,MORIGAON"
ASSAM,N.C.HILLS,2,3,7,5,1,0,30,4,2001,3,16,8,4,3,17,8,30,0,2,"ASSAM,N.C.HILLS"
ASSAM,NAGAON,51,41,132,33,3,0,491,267,2001,36,194,119,59,35,95,32,701,1,113,"ASSAM,NAGAON"
ASSAM,NALBARI,30,21,15,39,0,0,119,4,2001,3,27,53,15,18,79,14,433,3,16,"ASSAM,NALBARI"
ASSAM,R.P.O.,3,0,0,2,0,0,29,13,2001,0,0,2,13,1,11,0,26,0,0,"ASSAM,R.P.O."
ASSAM,SIBSAGAR,47,21,0,41,0,0,343,50,2001,35,82,64,3,29,59,14,546,0,28,"ASSAM,SIBSAGAR"
ASSAM,SONITPUR,53,32,99,21,1,0,356,85,2001,6,145,87,27,21,86,22,575,1,43,"ASSAM,SONITPUR"
ASSAM,TINSUKIA,41,1,21,35,1,0,350,22,2001,8,75,62,34,10,107,12,245,2,9,"ASSAM,TINSUKIA"
ASSAM,TOTAL,817,441,1248,687,40,0,5367,2953,2001,350,2010,1480,532,575,1356,374,9315,59,850,"ASSAM,TOTAL"
BIHAR,ARARIA,93,3,50,43,4,0,161,375,2001,19,26,79,39,47,47,26,944,11,3,"BIHAR,ARARIA"
BIHAR,ARWAL,0,14,14,8,1,0,24,76,2001,0,21,13,5,7,37,9,51,7,11,"BIHAR,ARWAL"
BIHAR,AURANGABAD,16,3,19,28,0,0,103,155,2001,8,82,24,19,28,74,13,867,33,13,"BIHAR,AURANGABAD"
BIHAR,BAGAHA,25,6,2,9,12,0,115,67,2001,0,2,56,1,15,34,1,146,0,4,"BIHAR,BAGAHA"
BIHAR,BANKA,34,4,16,39,4,0,73,196,2001,0,0,27,49,3,93,4,758,9,0,"BIHAR,BANKA"
BIHAR,BEGUSARAI,13,6,21,67,5,0,265,147,2001,16,71,53,18,26,124,26,1515,21,32,"BIHAR,BEGUSARAI"
BIHAR,BETTIAH,20,21,54,32,20,0,265,340,2001,14,41,84,8,33,66,35,782,17,23,"BIHAR,BETTIAH"
BIHAR,BHABHUA,10,21,22,26,3,0,184,186,2001,1,52,43,34,23,41,8,486,8,7,"BIHAR,BHABHUA"
BIHAR,BHAGALPUR,35,13,52,55,6,0,370,171,2001,25,53,66,22,47,128,22,1343,20,15,"BIHAR,BHAGALPUR"
BIHAR,BHOJPUR,22,0,29,49,0,0,214,240,2001,18,102,46,32,31,135,0,1217,23,0,"BIHAR,BHOJPUR"
BIHAR,BUXAR,8,18,0,34,0,0,179,189,2001,5,82,34,49,57,56,0,800,15,0,"BIHAR,BUXAR"
BIHAR,DARBHANGA,19,17,34,37,4,0,103,142,2001,8,66,39,29,31,53,39,1715,37,40,"BIHAR,DARBHANGA"
BIHAR,GAYA,25,23,24,114,7,0,416,417,2001,50,127,66,100,79,200,57,862,26,27,"BIHAR,GAYA"
BIHAR,GOPALGANJ,13,6,155,73,4,0,153,227,2001,25,96,59,32,75,107,45,807,22,0,"BIHAR,GOPALGANJ"
BIHAR,JAMALPUR RLY.,1,0,1,13,0,0,117,0,2001,4,4,4,9,3,7,0,62,0,1,"BIHAR,JAMALPUR RLY."
BIHAR,JAMUI,10,1,15,14,3,0,81,134,2001,1,14,14,22,7,67,10,289,16,8,"BIHAR,JAMUI"
BIHAR,JEHANABAD,6,0,4,22,2,0,121,170,2001,10,0,35,15,51,73,0,694,25,0,"BIHAR,JEHANABAD"
BIHAR,KATIHAR,51,1,29,30,2,0,146,193,2001,13,71,49,49,23,60,26,904,6,6,"BIHAR,KATIHAR"
BIHAR,KATIHAR RLY.,0,0,0,19,0,0,221,9,2001,10,0,3,18,9,7,0,116,0,2,"BIHAR,KATIHAR RLY."
BIHAR,KHAGARIA,5,1,2,29,2,0,86,167,2001,7,59,34,6,6,72,4,353,11,6,"BIHAR,KHAGARIA"
BIHAR,KISHANGANJ,22,8,39,10,1,0,57,116,2001,10,16,23,19,5,25,15,481,4,2,"BIHAR,KISHANGANJ"
BIHAR,LAKHISARAI,10,4,5,13,5,0,79,93,2001,3,33,30,9,6,61,5,305,6,12,"BIHAR,LAKHISARAI"
BIHAR,MADHEPURA,11,8,10,31,7,0,69,157,2001,16,18,49,17,17,56,11,550,6,3,"BIHAR,MADHEPURA"
BIHAR,MADHUBANI,13,4,18,17,5,0,98,195,2001,0,110,36,24,9,35,11,1503,12,41,"BIHAR,MADHUBANI"
BIHAR,MOTIHARI,44,23,47,79,11,0,271,365,2001,3,36,100,30,103,114,46,2243,37,3,"BIHAR,MOTIHARI"
BIHAR,MUNGER,11,12,39,29,0,0,157,218,2001,17,28,45,6,29,51,0,787,8,0,"BIHAR,MUNGER"
BIHAR,MUZAFFARPUR,73,42,141,135,21,0,538,241,2001,104,141,113,32,94,153,67,1867,69,81,"BIHAR,MUZAFFARPUR"
BIHAR,MUZAFFARPUR RLY.,2,1,1,15,0,0,313,13,2001,24,0,5,4,20,13,2,81,0,4,"BIHAR,MUZAFFARPUR RLY."
BIHAR,NALANDA,40,13,54,97,18,0,412,318,2001,14,60,126,51,34,208,19,1006,47,14,"BIHAR,NALANDA"
BIHAR,NAUGACHIA,7,1,5,18,0,0,32,56,2001,0,31,29,15,11,36,5,193,4,0,"BIHAR,NAUGACHIA"
BIHAR,NAWADAH,15,12,13,31,5,0,66,183,2001,2,61,42,16,30,77,9,555,17,7,"BIHAR,NAWADAH"
BIHAR,PATNA,27,54,152,414,30,0,1568,506,2001,399,178,197,91,331,434,196,2825,90,47,"BIHAR,PATNA"
BIHAR,PATNA RLY.,1,0,0,21,0,0,811,11,2001,19,3,3,18,11,24,1,174,0,9,"BIHAR,PATNA RLY."
BIHAR,PURNEA,39,7,22,97,10,0,227,269,2001,27,77,64,75,28,104,5,785,8,5,"BIHAR,PURNEA"
BIHAR,ROHTAS,25,27,59,68,4,0,317,391,2001,51,376,72,78,52,127,37,535,36,21,"BIHAR,ROHTAS"
BIHAR,SAHARSA,12,6,12,15,3,0,56,156,2001,6,29,27,3,25,36,22,244,7,9,"BIHAR,SAHARSA"
BIHAR,SAMASTIPUR,19,45,35,61,20,0,247,312,2001,26,21,75,33,33,107,39,1261,11,17,"BIHAR,SAMASTIPUR"
BIHAR,SARAN,20,43,101,93,0,0,246,309,2001,32,106,65,69,14,137,12,1087,67,22,"BIHAR,SARAN"
BIHAR,SHEIKHPURA,3,3,32,12,1,0,89,136,2001,0,15,16,16,10,28,4,408,9,0,"BIHAR,SHEIKHPURA"
BIHAR,SHEOHAR,11,0,2,8,1,0,16,38,2001,0,0,13,7,1,18,0,305,3,0,"BIHAR,SHEOHAR"
BIHAR,SITAMARHI,23,7,21,15,3,0,132,218,2001,2,5,34,24,41,51,10,1111,13,1,"BIHAR,SITAMARHI"
BIHAR,SIWAN,4,16,10,100,9,0,112,239,2001,29,44,51,45,26,116,13,753,32,6,"BIHAR,SIWAN"
BIHAR,SUPAUL,30,0,18,40,4,0,129,170,2001,9,0,26,31,8,41,9,1040,7,8,"BIHAR,SUPAUL"
BIHAR,VAISHALI,20,8,179,43,13,0,262,295,2001,23,49,90,22,120,110,83,1857,59,52,"BIHAR,VAISHALI"
BIHAR,TOTAL,888,502,1558,2203,250,0,9701,8606,2001,1050,2406,2159,1291,1659,3643,946,36667,859,562,"BIHAR,TOTAL"
CHHATTISGARH,BALRAMPUR,17,2,7,11,0,0,21,15,2001,0,7,1,17,6,13,0,40,1,18,"CHHATTISGARH,BALRAMPUR"
CHHATTISGARH,BILASPUR,69,17,94,37,11,0,690,166,2001,72,93,20,4,23,99,5,1617,7,180,"CHHATTISGARH,BILASPUR"
CHHATTISGARH,BIZAPUR,4,6,0,6,0,0,3,1,2001,3,2,0,2,0,9,0,19,0,1,"CHHATTISGARH,BIZAPUR"
CHHATTISGARH,DANTEWARA,19,5,3,5,0,0,64,14,2001,5,31,11,7,5,83,1,259,1,18,"CHHATTISGARH,DANTEWARA"
CHHATTISGARH,DHAMTARI,22,1,6,0,0,0,110,22,2001,11,45,4,2,12,14,3,450,1,41,"CHHATTISGARH,DHAMTARI"
CHHATTISGARH,DURG,144,35,231,50,0,0,893,48,2001,208,0,57,9,91,76,15,3302,12,287,"CHHATTISGARH,DURG"
CHHATTISGARH,GRP RAIPUR,0,0,1,9,0,0,197,4,2001,5,0,0,2,2,2,0,77,0,4,"CHHATTISGARH,GRP RAIPUR"
CHHATTISGARH,JAGDALPUR,59,12,14,23,4,0,172,35,2001,18,0,6,2,11,80,9,932,3,49,"CHHATTISGARH,JAGDALPUR"
CHHATTISGARH,JANJGIR,29,23,116,25,0,0,237,105,2001,25,56,9,2,23,48,4,471,9,110,"CHHATTISGARH,JANJGIR"
CHHATTISGARH,JASHPUR,36,8,4,17,6,0,54,13,2001,8,24,2,5,7,37,17,240,2,41,"CHHATTISGARH,JASHPUR"
CHHATTISGARH,KANKER,42,3,10,5,1,0,53,23,2001,11,26,4,3,9,31,2,347,1,36,"CHHATTISGARH,KANKER"
CHHATTISGARH,KAWARDHA,35,4,15,2,2,0,43,10,2001,4,12,1,1,4,19,2,236,1,45,"CHHATTISGARH,KAWARDHA"
CHHATTISGARH,KORBA,46,7,31,8,1,0,305,67,2001,72,67,13,0,47,33,6,634,1,90,"CHHATTISGARH,KORBA"
CHHATTISGARH,KORIYA,34,7,31,6,4,0,153,21,2001,7,42,7,3,9,35,3,764,3,102,"CHHATTISGARH,KORIYA"
CHHATTISGARH,MAHASAMUND,43,10,21,6,5,0,146,30,2001,21,63,7,2,27,18,8,416,6,69,"CHHATTISGARH,MAHASAMUND"
CHHATTISGARH,RAIGARH,53,4,22,13,0,0,173,34,2001,27,39,6,2,17,50,39,571,2,104,"CHHATTISGARH,RAIGARH"
CHHATTISGARH,RAIPUR,104,28,121,58,10,0,953,110,2001,347,182,38,10,64,92,24,2518,16,253,"CHHATTISGARH,RAIPUR"
CHHATTISGARH,RAJNANDGAON,58,11,51,15,0,0,231,50,2001,38,0,4,3,14,36,10,1601,3,92,"CHHATTISGARH,RAJNANDGAON"
CHHATTISGARH,SARGUJA,145,32,62,42,1,0,314,103,2001,38,0,17,11,31,105,6,1296,1,223,"CHHATTISGARH,SARGUJA"
CHHATTISGARH,TOTAL,959,215,840,338,45,0,4812,871,2001,920,689,207,87,402,880,154,15790,70,1763,"CHHATTISGARH,TOTAL"
GOA,NORTH GOA,4,10,6,10,4,0,291,33,2001,80,110,4,5,29,22,25,404,2,12,"GOA,NORTH GOA"
GOA,SOUTH GOA,8,6,5,15,1,0,285,31,2001,88,81,5,2,33,14,14,293,0,5,"GOA,SOUTH GOA"
GOA,TOTAL,12,16,11,25,5,0,576,64,2001,168,191,9,7,62,36,39,697,2,17,"GOA,TOTAL"
GUJARAT,AHMEDABAD COMMR.,39,2,530,192,60,0,3588,191,2001,1740,0,143,18,205,90,140,6129,7,54,"GUJARAT,AHMEDABAD COMMR."
GUJARAT,AHMEDABAD RURAL,5,24,84,25,1,0,225,50,2001,30,190,27,15,9,26,20,797,0,26,"GUJARAT,AHMEDABAD RURAL"
GUJARAT,AHWA-DANG,1,2,2,1,0,0,8,10,2001,1,14,2,0,4,6,3,54,0,2,"GUJARAT,AHWA-DANG"
GUJARAT,AMRELI,2,17,94,25,0,0,199,52,2001,33,73,39,4,21,41,15,1080,2,21,"GUJARAT,AMRELI"
GUJARAT,ANAND,3,22,210,14,0,0,427,63,2001,87,150,30,10,76,28,113,1896,0,27,"GUJARAT,ANAND"
GUJARAT,BHARUCH,4,22,56,17,0,0,388,44,2001,93,180,39,13,71,37,70,1542,0,19,"GUJARAT,BHARUCH"
GUJARAT,BHAVNAGAR,9,25,129,48,0,0,561,113,2001,190,0,60,5,103,64,154,3438,2,36,"GUJARAT,BHAVNAGAR"
GUJARAT,DAHOD,5,31,11,44,0,0,120,49,2001,41,0,15,22,0,36,26,863,0,17,"GUJARAT,DAHOD"
GUJARAT,GANDHINAGAR,4,5,116,22,0,0,585,64,2001,167,3,15,14,38,25,37,1879,3,37,"GUJARAT,GANDHINAGAR"
GUJARAT,HIMATNAGAR,17,25,165,29,3,0,191,65,2001,50,203,31,23,52,55,58,2470,4,51,"GUJARAT,HIMATNAGAR"
GUJARAT,JAMNAGAR,20,13,163,20,2,0,530,34,2001,172,0,27,2,25,48,46,2254,2,18,"GUJARAT,JAMNAGAR"
GUJARAT,JUNAGADH,14,14,384,52,0,0,547,88,2001,131,162,46,4,122,56,97,2706,11,44,"GUJARAT,JUNAGADH"
GUJARAT,KHEDA NORTH,11,21,122,19,0,0,358,63,2001,72,184,30,9,63,42,54,2195,0,43,"GUJARAT,KHEDA NORTH"
GUJARAT,KUTCH,2,11,176,11,18,0,307,55,2001,107,229,24,8,40,34,19,1763,2,25,"GUJARAT,KUTCH"
GUJARAT,MEHSANA,4,15,188,45,0,0,557,98,2001,87,152,58,23,90,28,47,2394,5,47,"GUJARAT,MEHSANA"
GUJARAT,NARMADA,8,11,9,0,0,0,46,9,2001,9,42,9,1,15,16,3,246,0,7,"GUJARAT,NARMADA"
GUJARAT,NAVSARI,2,6,17,13,0,0,120,22,2001,37,0,6,7,19,26,43,867,0,6,"GUJARAT,NAVSARI"
GUJARAT,PALANPUR,18,21,152,47,0,0,420,94,2001,64,133,41,13,55,52,54,1102,2,50,"GUJARAT,PALANPUR"
GUJARAT,PANCHMAHAL,5,57,43,19,0,0,313,50,2001,65,0,46,21,34,56,53,1122,0,1,"GUJARAT,PANCHMAHAL"
GUJARAT,PATAN,3,12,78,19,0,0,220,78,2001,26,81,21,8,29,24,52,1283,0,23,"GUJARAT,PATAN"
GUJARAT,PORBANDAR,6,5,64,3,0,0,116,8,2001,37,37,5,0,15,15,38,704,0,10,"GUJARAT,PORBANDAR"
GUJARAT,RAJKOT COMMR.,5,9,199,31,1,0,1245,110,2001,530,82,46,5,71,29,56,1883,3,19,"GUJARAT,RAJKOT COMMR."
GUJARAT,RAJKOT RURAL,20,21,206,23,3,0,378,58,2001,65,197,40,9,44,30,172,2298,2,45,"GUJARAT,RAJKOT RURAL"
GUJARAT,SURAT COMMR.,11,10,132,59,2,0,1422,127,2001,958,167,57,26,228,98,66,823,20,10,"GUJARAT,SURAT COMMR."
GUJARAT,SURAT RURAL,26,9,34,28,0,0,219,30,2001,66,316,23,12,33,62,36,501,0,11,"GUJARAT,SURAT RURAL"
GUJARAT,SURENDRANAGAR,11,9,75,13,0,0,204,73,2001,36,0,29,7,32,38,45,1883,2,45,"GUJARAT,SURENDRANAGAR"
GUJARAT,VADODARA COMMR.,3,7,90,39,0,0,997,151,2001,449,153,35,4,182,34,104,2601,0,11,"GUJARAT,VADODARA COMMR."
GUJARAT,VADODARA RURAL,18,10,81,21,1,0,210,34,2001,24,170,38,15,56,71,67,1877,0,34,"GUJARAT,VADODARA RURAL"
GUJARAT,VALSAD,9,12,50,25,3,0,432,40,2001,135,0,16,22,37,44,50,1802,0,10,"GUJARAT,VALSAD"
GUJARAT,W.RLY,1,1,7,87,0,0,901,7,2001,2,6,0,7,10,15,10,267,0,7,"GUJARAT,W.RLY"
GUJARAT,TOTAL,286,449,3667,991,94,0,15834,1930,2001,5504,2924,998,327,1779,1226,1748,50719,67,756,"GUJARAT,TOTAL"
HARYANA,AMBALA,11,11,132,18,2,0,365,5,2001,154,0,38,2,76,26,13,985,11,27,"HARYANA,AMBALA"
HARYANA,BHIWANI,10,16,43,19,8,0,190,109,2001,120,2,9,0,54,40,26,849,33,17,"HARYANA,BHIWANI"
HARYANA,FARIDABAD,37,14,108,44,7,0,668,133,2001,444,18,78,7,61,68,117,3531,19,47,"HARYANA,FARIDABAD"
HARYANA,FATEHABAD,17,6,93,11,2,0,141,11,2001,61,1,20,3,52,18,1,468,17,17,"HARYANA,FATEHABAD"
HARYANA,GRP,0,0,0,5,0,0,169,9,2001,35,7,2,0,3,24,1,346,5,1,"HARYANA,GRP"
HARYANA,GURGAON,32,20,136,51,5,0,794,78,2001,435,5,50,4,29,69,55,1530,17,21,"HARYANA,GURGAON"
HARYANA,HISSAR,10,8,117,27,7,0,438,28,2001,258,4,26,2,159,45,23,1177,24,33,"HARYANA,HISSAR"
HARYANA,JHAJJAR,21,0,122,25,2,0,183,68,2001,66,84,14,2,50,48,21,466,20,42,"HARYANA,JHAJJAR"
HARYANA,JIND,21,2,67,28,6,0,148,71,2001,66,4,12,2,51,37,66,512,11,22,"HARYANA,JIND"
HARYANA,KAITHAL,16,28,105,9,8,0,144,0,2001,66,1,9,3,16,33,60,396,9,19,"HARYANA,KAITHAL"
HARYANA,KARNAL,44,11,97,16,7,0,468,47,2001,194,187,31,8,59,42,20,335,18,28,"HARYANA,KARNAL"
HARYANA,KURUKSHETRA,31,4,68,13,4,0,343,0,2001,131,0,14,5,130,20,20,738,10,28,"HARYANA,KURUKSHETRA"
HARYANA,MAHENDRAGARH,11,21,23,1,0,0,116,47,2001,32,2,13,1,9,26,34,611,8,19,"HARYANA,MAHENDRAGARH"
HARYANA,PANCHKULA,6,2,43,5,1,0,226,1,2001,95,73,18,1,19,12,22,440,4,23,"HARYANA,PANCHKULA"
HARYANA,PANIPAT,38,7,92,47,3,0,415,35,2001,243,191,19,20,53,43,20,513,11,16,"HARYANA,PANIPAT"
HARYANA,REWARI,11,23,14,7,4,0,155,39,2001,72,0,13,0,19,21,10,638,12,17,"HARYANA,REWARI"
HARYANA,ROHTAK,28,10,41,29,1,0,365,37,2001,203,144,13,5,58,57,18,534,17,26,"HARYANA,ROHTAK"
HARYANA,SIRSA,17,6,98,5,5,0,240,24,2001,108,1,18,2,43,37,14,645,12,23,"HARYANA,SIRSA"
HARYANA,SONIPAT,15,8,51,28,4,0,347,6,2001,165,132,26,5,43,73,10,607,18,22,"HARYANA,SONIPAT"
HARYANA,YAMUNANAGAR,22,6,63,9,2,0,202,2,2001,74,0,26,5,32,42,5,585,9,30,"HARYANA,YAMUNANAGAR"
HARYANA,TOTAL,398,203,1513,397,78,0,6117,750,2001,3022,856,449,77,1016,781,556,15906,285,478,"HARYANA,TOTAL"
HIMACHAL PRADESH,BILASPUR,5,20,47,3,0,0,49,76,2001,13,35,10,2,12,8,11,625,1,35,"HIMACHAL PRADESH,BILASPUR"
HIMACHAL PRADESH,CHAMBA,12,8,21,1,0,0,29,6,2001,4,40,17,0,8,13,5,213,0,23,"HIMACHAL PRADESH,CHAMBA"
HIMACHAL PRADESH,G.R.P.,0,0,0,0,0,0,1,1,2001,0,0,0,0,0,1,0,1,0,0,"HIMACHAL PRADESH,G.R.P."
HIMACHAL PRADESH,HAMIRPUR,3,7,33,1,1,0,17,26,2001,1,44,3,0,11,2,5,362,1,17,"HIMACHAL PRADESH,HAMIRPUR"
HIMACHAL PRADESH,KANGRA,18,26,58,4,3,0,108,125,2001,26,2,30,1,29,24,1,1119,1,43,"HIMACHAL PRADESH,KANGRA"
HIMACHAL PRADESH,KINNAUR,6,1,2,0,0,0,2,4,2001,0,26,3,0,0,5,2,64,0,4,"HIMACHAL PRADESH,KINNAUR"
HIMACHAL PRADESH,KULLU,13,6,2,1,0,0,17,27,2001,5,36,7,0,7,13,3,398,0,12,"HIMACHAL PRADESH,KULLU"
HIMACHAL PRADESH,LAHAUL-SPITI,2,1,1,1,0,0,1,2,2001,0,9,1,0,1,1,0,24,0,0,"HIMACHAL PRADESH,LAHAUL-SPITI"
HIMACHAL PRADESH,MANDI,16,34,56,3,0,0,64,83,2001,18,75,11,0,22,18,6,963,0,59,"HIMACHAL PRADESH,MANDI"
HIMACHAL PRADESH,SHIMLA,18,13,31,7,2,0,188,122,2001,42,60,13,0,31,14,13,1127,2,50,"HIMACHAL PRADESH,SHIMLA"
HIMACHAL PRADESH,SIRMAUR,10,4,22,4,0,0,27,56,2001,8,47,13,0,12,3,2,361,3,33,"HIMACHAL PRADESH,SIRMAUR"
HIMACHAL PRADESH,SOLAN,12,9,24,1,4,0,59,62,2001,16,45,13,0,7,11,17,476,2,23,"HIMACHAL PRADESH,SOLAN"
HIMACHAL PRADESH,UNA,9,5,20,2,1,0,38,38,2001,9,64,5,1,6,6,4,319,0,11,"HIMACHAL PRADESH,UNA"
HIMACHAL PRADESH,TOTAL,124,134,317,28,11,0,600,628,2001,142,483,126,4,146,119,69,6052,10,310,"HIMACHAL PRADESH,TOTAL"
JAMMU & KASHMIR,ANANTNAG,6,51,0,16,0,0,83,67,2001,15,23,59,5,28,74,5,435,0,53,"JAMMU & KASHMIR,ANANTNAG"
JAMMU & KASHMIR,AWANTIPORA,1,9,0,4,0,0,19,10,2001,1,0,14,0,1,25,0,196,0,8,"JAMMU & KASHMIR,AWANTIPORA"
JAMMU & KASHMIR,BARAMULLA,28,40,0,16,2,0,156,146,2001,19,22,75,2,11,144,3,492,0,93,"JAMMU & KASHMIR,BARAMULLA"
JAMMU & KASHMIR,BORDER,12,2,3,0,0,0,19,15,2001,2,39,10,0,16,6,6,480,0,15,"JAMMU & KASHMIR,BORDER"
JAMMU & KASHMIR,BUDGAM,7,13,0,2,6,0,94,88,2001,5,22,40,0,6,78,3,241,0,35,"JAMMU & KASHMIR,BUDGAM"
JAMMU & KASHMIR,CRIME JAMMU,0,0,0,0,0,0,0,0,2001,0,0,0,0,27,0,0,0,0,0,"JAMMU & KASHMIR,CRIME JAMMU"
JAMMU & KASHMIR,CRIME SRINAGAR,0,0,0,0,0,0,0,0,2001,0,0,0,0,61,0,8,0,0,0,"JAMMU & KASHMIR,CRIME SRINAGAR"
JAMMU & KASHMIR,DODA,7,40,1,6,0,0,18,17,2001,0,18,15,2,4,104,6,202,0,6,"JAMMU & KASHMIR,DODA"
JAMMU & KASHMIR,GANDERBAL,5,13,0,0,2,0,44,50,2001,7,11,33,1,3,24,0,132,0,30,"JAMMU & KASHMIR,GANDERBAL"
JAMMU & KASHMIR,JAMMU,13,13,26,4,6,0,479,103,2001,210,112,43,0,62,27,10,2187,5,40,"JAMMU & KASHMIR,JAMMU"
JAMMU & KASHMIR,KARGIL,0,3,0,0,0,0,6,5,2001,3,0,2,0,0,0,0,62,0,1,"JAMMU & KASHMIR,KARGIL"
JAMMU & KASHMIR,KATHUA,13,15,1,2,1,0,37,43,2001,4,65,11,1,8,16,0,477,3,14,"JAMMU & KASHMIR,KATHUA"
JAMMU & KASHMIR,KULGAM,6,34,0,17,2,0,43,77,2001,5,19,35,1,6,39,5,272,0,7,"JAMMU & KASHMIR,KULGAM"
JAMMU & KASHMIR,KUPWARA,6,22,0,1,0,0,39,74,2001,1,12,47,0,10,141,8,280,0,62,"JAMMU & KASHMIR,KUPWARA"
JAMMU & KASHMIR,LEH,0,0,0,0,0,0,6,5,2001,0,0,1,0,3,3,3,107,0,1,"JAMMU & KASHMIR,LEH"
JAMMU & KASHMIR,POONCH,13,40,2,0,0,0,67,30,2001,0,8,16,1,6,100,3,241,0,4,"JAMMU & KASHMIR,POONCH"
JAMMU & KASHMIR,PULWAMA,7,23,0,27,0,0,144,127,2001,16,0,37,1,10,46,3,261,0,19,"JAMMU & KASHMIR,PULWAMA"
JAMMU & KASHMIR,RAILWAYS,0,0,0,0,0,0,3,0,2001,0,0,0,0,0,1,0,11,0,0,"JAMMU & KASHMIR,RAILWAYS"
JAMMU & KASHMIR,RAJOURI,17,18,6,4,1,0,21,3,2001,0,2,20,2,14,76,4,602,3,7,"JAMMU & KASHMIR,RAJOURI"
JAMMU & KASHMIR,RAMBAN,3,19,0,1,1,0,12,2,2001,1,1,7,1,3,51,5,346,0,3,"JAMMU & KASHMIR,RAMBAN"
JAMMU & KASHMIR,REASI,7,12,0,0,3,0,22,6,2001,0,0,11,1,2,36,7,187,0,5,"JAMMU & KASHMIR,REASI"
JAMMU & KASHMIR,SRINAGAR,8,64,2,59,8,0,490,158,2001,333,0,115,6,102,63,7,1211,0,207,"JAMMU & KASHMIR,SRINAGAR"
JAMMU & KASHMIR,UDHAMPUR,10,6,9,2,1,0,117,46,2001,11,3,15,0,8,21,4,624,2,12,"JAMMU & KASHMIR,UDHAMPUR"
JAMMU & KASHMIR,TOTAL,169,437,50,161,33,0,1919,1072,2001,633,357,606,24,391,1075,90,9046,13,622,"JAMMU & KASHMIR,TOTAL"
JHARKHAND,BOKARO,26,13,45,66,2,0,435,119,2001,35,76,38,38,17,70,16,644,25,24,"JHARKHAND,BOKARO"
JHARKHAND,CHAIBASA,32,5,0,9,10,0,99,22,2001,42,0,17,7,22,109,8,214,0,6,"JHARKHAND,CHAIBASA"
JHARKHAND,CHATRA,6,1,6,15,0,0,80,90,2001,8,0,10,23,13,40,0,417,7,0,"JHARKHAND,CHATRA"
JHARKHAND,DEOGHAR,22,11,10,15,4,0,129,118,2001,29,0,7,13,14,47,8,275,10,13,"JHARKHAND,DEOGHAR"
JHARKHAND,DHANBAD,32,14,18,48,7,0,546,205,2001,43,15,57,56,77,97,11,1096,30,47,"JHARKHAND,DHANBAD"
JHARKHAND,DHANBAD RLY.,2,0,0,13,0,0,209,4,2001,2,0,4,12,8,11,0,88,0,0,"JHARKHAND,DHANBAD RLY."
JHARKHAND,DUMKA,27,16,23,8,4,0,66,75,2001,36,18,24,11,8,63,14,291,3,20,"JHARKHAND,DUMKA"
JHARKHAND,GARHWA,11,12,5,17,6,0,54,113,2001,15,0,5,19,15,32,2,319,15,0,"JHARKHAND,GARHWA"
JHARKHAND,GIRIDIH,42,21,57,27,6,0,111,173,2001,56,65,15,56,49,63,18,953,30,13,"JHARKHAND,GIRIDIH"
JHARKHAND,GODDA,37,0,0,18,0,0,70,90,2001,49,0,30,24,3,61,0,630,1,0,"JHARKHAND,GODDA"
JHARKHAND,GUMLA,29,0,10,44,7,0,56,40,2001,39,0,16,30,7,136,4,227,0,2,"JHARKHAND,GUMLA"
JHARKHAND,HAZARIBAGH,41,5,18,68,4,0,348,268,2001,80,6,42,85,54,76,9,761,31,15,"JHARKHAND,HAZARIBAGH"
JHARKHAND,JAMSHEDPUR,50,8,88,27,8,0,343,131,2001,67,140,60,10,115,81,85,1100,6,58,"JHARKHAND,JAMSHEDPUR"
JHARKHAND,JAMSHEDPUR RLY.,1,0,0,4,0,0,65,2,2001,1,0,0,6,3,4,0,59,0,1,"JHARKHAND,JAMSHEDPUR RLY."
JHARKHAND,JAMTARA,18,3,20,9,0,0,68,61,2001,24,2,14,6,10,22,2,21,5,13,"JHARKHAND,JAMTARA"
JHARKHAND,KODERMA,2,3,29,15,1,0,77,80,2001,3,45,14,13,17,21,16,251,11,8,"JHARKHAND,KODERMA"
JHARKHAND,LATEHAR,12,0,0,9,5,0,48,27,2001,15,0,4,44,0,54,2,145,6,0,"JHARKHAND,LATEHAR"
JHARKHAND,LOHARDAGGA,12,3,10,11,0,0,28,29,2001,16,0,14,8,5,33,4,121,0,4,"JHARKHAND,LOHARDAGGA"
JHARKHAND,PAKUR,23,7,18,5,0,0,37,39,2001,29,0,7,11,19,31,6,236,7,0,"JHARKHAND,PAKUR"
JHARKHAND,PALAMU,15,23,28,32,3,0,94,160,2001,20,38,14,43,5,73,21,416,18,8,"JHARKHAND,PALAMU"
JHARKHAND,RANCHI,73,10,78,140,18,0,647,66,2001,97,0,1,81,55,243,47,22,4,24,"JHARKHAND,RANCHI"
JHARKHAND,SAHEBGANJ,20,10,21,8,3,0,80,72,2001,26,15,17,12,19,47,5,171,3,23,"JHARKHAND,SAHEBGANJ"
JHARKHAND,SARAIKELA,17,0,0,12,53,0,123,29,2001,22,0,19,15,17,44,5,232,4,18,"JHARKHAND,SARAIKELA"
JHARKHAND,SIMDEGA,17,0,0,27,2,0,14,5,2001,0,0,12,13,2,49,0,88,1,0,"JHARKHAND,SIMDEGA"
JHARKHAND,TOTAL,567,165,484,647,143,0,3827,2018,2001,754,420,441,636,554,1507,283,8777,217,297,"JHARKHAND,TOTAL"
KARNATAKA,BAGALKOT,2,12,50,3,10,0,105,218,2001,27,0,17,2,18,59,6,770,1,39,"KARNATAKA,BAGALKOT"
KARNATAKA,BANGALORE COMMR.,40,3,229,284,5,0,6293,298,2001,2401,38,152,31,1708,221,258,11106,40,223,"KARNATAKA,BANGALORE COMMR."
KARNATAKA,BANGALORE RURAL,13,39,123,32,2,0,533,358,2001,92,0,37,23,60,137,22,2120,30,90,"KARNATAKA,BANGALORE RURAL"
KARNATAKA,BELGAUM,8,25,125,47,2,0,386,389,2001,139,21,27,19,102,120,17,2429,4,62,"KARNATAKA,BELGAUM"
KARNATAKA,BELLARY,16,13,49,20,1,0,303,260,2001,75,0,14,5,19,58,9,1445,5,82,"KARNATAKA,BELLARY"
KARNATAKA,BIDAR,7,21,51,36,4,0,202,163,2001,45,0,19,7,33,48,7,2449,2,90,"KARNATAKA,BIDAR"
KARNATAKA,BIJAPUR,6,34,92,21,4,0,202,396,2001,34,0,24,5,19,51,5,1163,1,65,"KARNATAKA,BIJAPUR"
KARNATAKA,CHAMARAJNAGAR,4,25,15,9,0,0,133,107,2001,20,0,5,1,10,19,3,437,7,43,"KARNATAKA,CHAMARAJNAGAR"
KARNATAKA,CHICKMAGALUR,8,5,83,10,3,0,222,187,2001,44,7,12,4,25,41,7,1022,4,57,"KARNATAKA,CHICKMAGALUR"
KARNATAKA,CHITRADURGA,18,8,35,20,0,0,145,269,2001,38,0,4,8,22,31,7,1219,2,48,"KARNATAKA,CHITRADURGA"
KARNATAKA,DAKSHIN KANNADA,3,12,25,8,0,0,219,127,2001,109,3,9,1,55,33,15,1846,1,24,"KARNATAKA,DAKSHIN KANNADA"
KARNATAKA,DAVANAGERE,22,1,77,26,6,0,332,297,2001,114,1,23,5,46,58,12,1325,8,84,"KARNATAKA,DAVANAGERE"
KARNATAKA,DHARWAD COMMR.,4,7,24,34,0,0,245,168,2001,99,4,8,5,56,16,8,944,2,3,"KARNATAKA,DHARWAD COMMR."
KARNATAKA,DHARWAD RURAL,3,0,8,5,2,0,38,110,2001,1,0,3,3,14,25,7,497,3,8,"KARNATAKA,DHARWAD RURAL"
KARNATAKA,GADAG,2,1,18,13,1,0,55,109,2001,16,0,4,4,23,22,4,392,3,10,"KARNATAKA,GADAG"
KARNATAKA,GULBARGA,20,25,104,61,3,0,268,423,2001,55,0,35,10,68,95,6,1421,6,143,"KARNATAKA,GULBARGA"
KARNATAKA,HASSAN,20,0,68,23,0,0,268,210,2001,59,0,17,5,17,64,9,1544,4,75,"KARNATAKA,HASSAN"
KARNATAKA,HAVERI,3,0,32,10,4,0,111,260,2001,21,0,12,7,20,24,9,1175,5,42,"KARNATAKA,HAVERI"
KARNATAKA,K.G.F.,1,0,20,6,3,0,108,73,2001,19,0,12,4,12,20,0,258,4,12,"KARNATAKA,K.G.F."
KARNATAKA,KODAGU,4,3,14,3,2,0,87,170,2001,11,0,4,1,6,26,2,459,4,22,"KARNATAKA,KODAGU"
KARNATAKA,KOLAR,17,0,39,25,4,0,284,373,2001,63,0,21,3,48,69,9,1385,18,42,"KARNATAKA,KOLAR"
KARNATAKA,KOPPAL,6,5,23,8,0,0,120,166,2001,17,0,12,3,21,23,2,587,5,40,"KARNATAKA,KOPPAL"
KARNATAKA,MANDYA,15,0,72,28,3,0,328,280,2001,53,0,9,2,30,67,7,2234,7,50,"KARNATAKA,MANDYA"
KARNATAKA,MYSORE COMMR.,2,0,48,32,0,0,326,67,2001,140,0,11,0,52,32,17,794,9,8,"KARNATAKA,MYSORE COMMR."
KARNATAKA,MYSORE RURAL,12,0,51,0,1,0,200,212,2001,16,0,14,0,15,53,5,942,6,79,"KARNATAKA,MYSORE RURAL"
KARNATAKA,RAICHUR,12,15,52,13,9,0,150,261,2001,46,16,11,4,94,33,8,857,1,63,"KARNATAKA,RAICHUR"
KARNATAKA,RAILWAYS,1,0,0,11,0,0,331,16,2001,7,0,1,3,2,12,1,174,1,0,"KARNATAKA,RAILWAYS"
KARNATAKA,SHIMOGA,12,20,134,15,1,0,292,260,2001,100,0,14,1,31,56,4,1864,6,65,"KARNATAKA,SHIMOGA"
KARNATAKA,TUMKUR,6,69,44,27,4,0,389,234,2001,92,4,21,10,26,80,13,1738,28,53,"KARNATAKA,TUMKUR"
KARNATAKA,UDUPI,2,5,16,12,0,0,112,107,2001,39,6,2,1,15,16,4,1231,0,16,"KARNATAKA,UDUPI"
KARNATAKA,UTTAR KANNADA,4,4,34,5,0,0,81,118,2001,24,0,5,1,11,17,11,1474,3,27,"KARNATAKA,UTTAR KANNADA"
KARNATAKA,TOTAL,293,352,1755,847,74,0,12868,6686,2001,4016,100,559,178,2678,1626,494,47301,220,1665,"KARNATAKA,TOTAL"
KERALA,ALAPUZHA,21,35,105,18,2,0,195,419,2001,109,0,8,2,152,22,18,4516,1,162,"KERALA,ALAPUZHA"
KERALA,CBCID,2,1,4,1,0,0,5,6,2001,0,0,2,1,37,22,18,15,0,0,"KERALA,CBCID"
KERALA,ERNAKULAM,38,25,161,80,7,0,1264,626,2001,294,0,20,25,267,44,22,9669,3,162,"KERALA,ERNAKULAM"
KERALA,IDUKKI,34,10,127,16,1,0,254,301,2001,39,0,0,3,78,33,55,2352,0,145,"KERALA,IDUKKI"
KERALA,KANNUR,42,6,157,18,4,0,213,831,2001,75,0,12,1,183,26,17,2776,0,77,"KERALA,KANNUR"
KERALA,KASARGOD,28,0,66,9,2,0,145,683,2001,79,0,4,32,55,18,11,1277,0,0,"KERALA,KASARGOD"
KERALA,KOLLAM,55,63,315,62,21,0,291,575,2001,120,0,16,13,120,41,16,4645,3,235,"KERALA,KOLLAM"
KERALA,KOTTAYAM,22,17,82,54,3,0,373,347,2001,125,0,18,2,252,34,25,3602,2,125,"KERALA,KOTTAYAM"
KERALA,KOZHIKODE,39,391,319,15,8,0,428,1127,2001,153,0,12,28,302,34,26,4012,2,118,"KERALA,KOZHIKODE"
KERALA,MALAPPURAM,71,30,448,11,5,0,340,663,2001,157,0,17,6,211,23,40,4011,3,92,"KERALA,MALAPPURAM"
KERALA,PALAKKAD,63,67,215,30,14,0,315,608,2001,120,0,14,11,159,45,66,2749,5,112,"KERALA,PALAKKAD"
KERALA,PATHANAMTHITTA,12,29,95,7,16,0,129,224,2001,65,0,0,1,65,20,10,2266,0,90,"KERALA,PATHANAMTHITTA"
KERALA,RAILWAYS,1,0,0,2,0,0,197,39,2001,2,0,0,0,1,0,0,39,0,0,"KERALA,RAILWAYS"
KERALA,THRISSUR,42,4,198,82,20,0,516,577,2001,188,0,18,14,390,42,40,6456,2,223,"KERALA,THRISSUR"
KERALA,TRIVANDRUM,57,77,210,104,6,0,636,892,2001,244,0,41,32,394,53,35,5336,6,345,"KERALA,TRIVANDRUM"
KERALA,WAYANADU,35,13,59,8,2,0,140,190,2001,25,0,1,5,90,15,29,823,0,56,"KERALA,WAYANADU"
KERALA,TOTAL,562,768,2561,517,111,0,5441,8108,2001,1795,0,183,176,2756,472,428,54544,27,1942,"KERALA,TOTAL"
MADHYA PRADESH,BALAGHAT,87,18,72,7,8,0,226,42,2001,21,51,11,0,10,56,10,1310,3,157,"MADHYA PRADESH,BALAGHAT"
MADHYA PRADESH,BARWANI,34,10,18,18,3,0,237,35,2001,30,71,2,2,5,41,6,473,5,81,"MADHYA PRADESH,BARWANI"
MADHYA PRADESH,BETUL,95,16,71,18,1,0,246,9,2001,33,59,19,0,15,56,6,1112,7,135,"MADHYA PRADESH,BETUL"
MADHYA PRADESH,BHIND,31,17,54,28,2,0,283,99,2001,25,88,47,3,28,63,9,1313,34,80,"MADHYA PRADESH,BHIND"
MADHYA PRADESH,BHOPAL,106,8,132,99,0,0,1351,77,2001,425,272,55,8,192,61,33,9372,15,252,"MADHYA PRADESH,BHOPAL"
MADHYA PRADESH,BHOPAL RLY.,1,0,0,25,0,0,705,3,2001,13,2,2,1,8,5,0,257,0,10,"MADHYA PRADESH,BHOPAL RLY."
MADHYA PRADESH,CHHATARPUR,65,20,46,42,1,0,163,104,2001,0,96,28,4,36,54,0,1718,20,193,"MADHYA PRADESH,CHHATARPUR"
MADHYA PRADESH,CHHINDWARA,93,26,109,18,2,0,239,26,2001,66,98,18,0,67,78,16,1335,10,203,"MADHYA PRADESH,CHHINDWARA"
MADHYA PRADESH,DAMOH,66,32,58,24,0,0,188,54,2001,20,0,18,3,18,43,3,920,28,189,"MADHYA PRADESH,DAMOH"
MADHYA PRADESH,DATIYA,12,9,18,26,0,0,103,30,2001,12,38,25,3,8,53,1,908,8,57,"MADHYA PRADESH,DATIYA"
MADHYA PRADESH,DEWAS,78,39,96,67,0,0,677,119,2001,115,107,20,10,22,50,16,2376,15,279,"MADHYA PRADESH,DEWAS"
MADHYA PRADESH,DHAR,68,28,88,35,0,0,651,48,2001,72,0,22,6,25,89,33,2558,41,168,"MADHYA PRADESH,DHAR"
MADHYA PRADESH,DINDORI,20,4,4,2,0,0,44,6,2001,7,14,2,0,6,13,5,467,0,53,"MADHYA PRADESH,DINDORI"
MADHYA PRADESH,GUNA,124,35,95,50,4,0,350,171,2001,46,116,17,9,27,71,14,2438,7,317,"MADHYA PRADESH,GUNA"
MADHYA PRADESH,GWALIOR,59,25,49,144,5,0,925,170,2001,305,189,46,4,81,84,22,2680,20,139,"MADHYA PRADESH,GWALIOR"
MADHYA PRADESH,HARDA,28,8,27,3,0,0,74,23,2001,10,0,2,1,9,14,0,349,9,35,"MADHYA PRADESH,HARDA"
MADHYA PRADESH,HOSHANGABAD,65,13,31,31,27,0,286,33,2001,51,0,16,0,25,53,8,1240,9,109,"MADHYA PRADESH,HOSHANGABAD"
MADHYA PRADESH,INDORE,84,29,161,112,1,0,2708,129,2001,1360,269,50,5,149,111,59,6567,25,215,"MADHYA PRADESH,INDORE"
MADHYA PRADESH,INDORE RLY.,2,0,0,7,2,0,193,2,2001,3,0,0,0,5,6,0,108,0,5,"MADHYA PRADESH,INDORE RLY."
MADHYA PRADESH,JABALPUR,108,15,81,126,28,0,887,112,2001,300,186,33,0,40,103,14,3468,28,264,"MADHYA PRADESH,JABALPUR"
MADHYA PRADESH,JABALPUR RLY.,0,0,0,15,0,0,221,1,2001,6,0,0,0,2,3,2,95,1,4,"MADHYA PRADESH,JABALPUR RLY."
MADHYA PRADESH,JHABUA,44,45,24,20,3,0,269,74,2001,13,0,83,5,10,124,5,1653,5,127,"MADHYA PRADESH,JHABUA"
MADHYA PRADESH,KATNI,25,8,59,29,1,0,239,33,2001,56,64,9,0,26,51,1,590,11,106,"MADHYA PRADESH,KATNI"
MADHYA PRADESH,KHANDWA,63,9,49,11,0,0,290,64,2001,44,58,14,5,44,41,9,2602,11,184,"MADHYA PRADESH,KHANDWA"
MADHYA PRADESH,KHARGON,47,17,21,21,5,0,533,80,2001,24,3,15,5,16,47,16,1714,5,164,"MADHYA PRADESH,KHARGON"
MADHYA PRADESH,MANDLA,64,15,46,11,0,0,116,18,2001,20,40,9,2,29,35,2,914,4,151,"MADHYA PRADESH,MANDLA"
MADHYA PRADESH,MANDSAUR,41,27,30,32,1,0,444,56,2001,96,76,15,3,27,28,14,1128,4,102,"MADHYA PRADESH,MANDSAUR"
MADHYA PRADESH,MORENA,35,19,34,76,2,0,564,198,2001,88,111,35,16,13,63,4,2539,29,77,"MADHYA PRADESH,MORENA"
MADHYA PRADESH,NARSINGHPUR,70,24,40,11,0,0,149,32,2001,26,51,7,1,10,38,1,680,22,156,"MADHYA PRADESH,NARSINGHPUR"
MADHYA PRADESH,NEEMUCH,37,18,62,15,0,0,376,65,2001,52,51,16,5,32,17,24,773,1,83,"MADHYA PRADESH,NEEMUCH"
MADHYA PRADESH,PANNA,44,11,31,10,0,0,99,54,2001,4,26,11,1,10,24,1,1240,19,104,"MADHYA PRADESH,PANNA"
MADHYA PRADESH,RAISEN,79,18,50,27,9,0,187,59,2001,12,10,11,5,7,39,6,1601,20,194,"MADHYA PRADESH,RAISEN"
MADHYA PRADESH,RAJGARH,95,51,49,35,1,0,218,161,2001,34,93,12,4,13,42,7,1967,7,196,"MADHYA PRADESH,RAJGARH"
MADHYA PRADESH,RATLAM,70,17,53,54,0,0,468,42,2001,102,69,21,5,37,58,13,1530,4,125,"MADHYA PRADESH,RATLAM"
MADHYA PRADESH,REWA,31,31,56,67,0,0,410,149,2001,110,127,26,6,23,53,1,2291,18,105,"MADHYA PRADESH,REWA"
MADHYA PRADESH,SAGAR,141,51,142,53,0,0,497,151,2001,22,106,30,4,56,84,10,2553,29,509,"MADHYA PRADESH,SAGAR"
MADHYA PRADESH,SATNA,58,34,65,52,0,0,495,87,2001,125,125,16,3,12,49,4,2121,19,157,"MADHYA PRADESH,SATNA"
MADHYA PRADESH,SEONI,52,7,25,6,3,0,161,49,2001,19,73,3,1,19,40,8,1065,10,106,"MADHYA PRADESH,SEONI"
MADHYA PRADESH,SHAHDOL,63,26,87,34,4,0,390,44,2001,52,0,13,2,19,57,17,2252,9,216,"MADHYA PRADESH,SHAHDOL"
MADHYA PRADESH,SHAJAPUR,90,35,65,47,1,0,588,92,2001,95,59,13,1,28,42,11,1328,8,153,"MADHYA PRADESH,SHAJAPUR"
MADHYA PRADESH,SHEOPUR,21,4,14,10,2,0,94,38,2001,9,15,18,4,8,24,7,327,6,52,"MADHYA PRADESH,SHEOPUR"
MADHYA PRADESH,SHIVPURI,72,38,26,48,2,0,255,140,2001,217,162,20,5,27,88,11,2101,14,172,"MADHYA PRADESH,SHIVPURI"
MADHYA PRADESH,SIDHI,42,23,66,15,2,0,346,33,2001,18,89,33,9,25,36,2,1753,27,105,"MADHYA PRADESH,SIDHI"
MADHYA PRADESH,SIHORE,59,23,45,19,1,0,364,53,2001,59,68,29,1,26,35,17,1755,5,130,"MADHYA PRADESH,SIHORE"
MADHYA PRADESH,TIKAMGARH,86,26,27,46,3,0,172,90,2001,11,64,7,6,12,53,0,1212,15,177,"MADHYA PRADESH,TIKAMGARH"
MADHYA PRADESH,UJJAIN,59,38,109,79,1,0,1387,133,2001,265,52,44,6,64,84,24,3623,7,161,"MADHYA PRADESH,UJJAIN"
MADHYA PRADESH,UMARIYA,25,12,21,19,0,0,127,30,2001,1,0,3,2,16,19,4,1231,2,61,"MADHYA PRADESH,UMARIYA"
MADHYA PRADESH,VIDISHA,112,35,56,20,0,0,268,77,2001,41,49,10,0,26,47,5,1536,13,245,"MADHYA PRADESH,VIDISHA"
MADHYA PRADESH,TOTAL,2851,1014,2562,1764,125,0,20263,3395,2001,4535,3297,956,166,1413,2425,481,85143,609,7063,"MADHYA PRADESH,TOTAL"
MAHARASHTRA,AHMEDNAGAR,44,44,496,104,1,0,715,266,2001,168,479,37,20,59,97,37,975,0,74,"MAHARASHTRA,AHMEDNAGAR"
MAHARASHTRA,AKOLA,15,48,189,41,0,0,735,99,2001,81,116,15,9,59,64,15,1306,2,109,"MAHARASHTRA,AKOLA"
MAHARASHTRA,AMRAVATI COMMR.,23,15,55,48,3,0,812,95,2001,163,60,27,10,41,44,10,796,10,43,"MAHARASHTRA,AMRAVATI COMMR."
MAHARASHTRA,AMRAVATI RURAL,42,23,92,36,0,0,1031,112,2001,26,126,29,1,31,72,12,640,4,99,"MAHARASHTRA,AMRAVATI RURAL"
MAHARASHTRA,AURANGABAD COMMR.,14,3,102,40,0,0,503,130,2001,179,109,19,3,108,36,26,569,4,33,"MAHARASHTRA,AURANGABAD COMMR."
MAHARASHTRA,AURANGABAD RURAL,28,24,247,49,0,0,273,139,2001,30,172,16,14,35,61,13,580,6,53,"MAHARASHTRA,AURANGABAD RURAL"
MAHARASHTRA,BEED,22,38,177,62,1,0,499,272,2001,70,174,25,16,41,68,14,820,2,78,"MAHARASHTRA,BEED"
MAHARASHTRA,BHANDARA,39,55,60,15,3,0,402,63,2001,27,90,4,2,19,32,12,733,5,71,"MAHARASHTRA,BHANDARA"
MAHARASHTRA,BULDHANA,22,69,223,27,1,0,749,246,2001,45,155,22,11,46,49,17,877,35,118,"MAHARASHTRA,BULDHANA"
MAHARASHTRA,CHANDRAPUR,43,39,144,36,4,0,572,110,2001,57,180,10,8,35,49,21,922,2,102,"MAHARASHTRA,CHANDRAPUR"
MAHARASHTRA,DHULE,16,22,127,13,1,0,360,86,2001,56,189,6,7,36,48,20,616,6,17,"MAHARASHTRA,DHULE"
MAHARASHTRA,GADCHIROLI,27,51,57,15,3,0,124,28,2001,15,49,7,11,12,47,3,461,0,55,"MAHARASHTRA,GADCHIROLI"
MAHARASHTRA,GONDIA,23,20,80,13,3,0,326,20,2001,30,94,17,4,30,41,18,617,4,85,"MAHARASHTRA,GONDIA"
MAHARASHTRA,HINGOLI,20,33,134,39,0,0,241,96,2001,24,61,9,4,20,36,6,473,2,44,"MAHARASHTRA,HINGOLI"
MAHARASHTRA,JALGAON,19,22,389,30,0,0,557,157,2001,72,259,16,16,119,83,41,1186,5,76,"MAHARASHTRA,JALGAON"
MAHARASHTRA,JALNA,16,38,172,46,0,0,345,120,2001,48,109,12,13,38,43,13,587,5,56,"MAHARASHTRA,JALNA"
MAHARASHTRA,KOLHAPUR,26,20,80,32,3,0,561,129,2001,164,279,21,11,71,54,35,915,19,46,"MAHARASHTRA,KOLHAPUR"
MAHARASHTRA,LATUR,7,28,150,31,0,0,281,211,2001,58,134,22,3,45,42,20,805,38,50,"MAHARASHTRA,LATUR"
MAHARASHTRA,MUMBAI,127,6,198,406,6,0,11564,196,2001,3095,709,148,61,1270,295,393,6095,18,274,"MAHARASHTRA,MUMBAI"
MAHARASHTRA,MUMBAI RLY.,2,0,0,29,1,0,1756,13,2001,0,2,1,0,34,12,26,97,0,5,"MAHARASHTRA,MUMBAI RLY."
MAHARASHTRA,NAGPUR COMMR.,39,15,218,171,2,0,2666,235,2001,797,223,64,14,263,112,74,3076,7,75,"MAHARASHTRA,NAGPUR COMMR."
MAHARASHTRA,NAGPUR RLY.,2,2,0,20,0,0,762,18,2001,8,3,0,6,7,12,5,170,2,4,"MAHARASHTRA,NAGPUR RLY."
MAHARASHTRA,NAGPUR RURAL,81,81,141,58,6,0,1074,180,2001,62,254,23,7,37,101,27,1574,3,131,"MAHARASHTRA,NAGPUR RURAL"
MAHARASHTRA,NANDED,23,67,202,93,4,0,539,217,2001,73,127,41,21,128,80,40,1655,21,85,"MAHARASHTRA,NANDED"
MAHARASHTRA,NANDURBAR,16,4,78,5,0,0,132,80,2001,19,59,6,4,13,44,12,268,2,27,"MAHARASHTRA,NANDURBAR"
MAHARASHTRA,NASIK COMMR.,9,19,99,16,2,0,529,139,2001,188,138,14,7,61,25,18,572,3,19,"MAHARASHTRA,NASIK COMMR."
MAHARASHTRA,NASIK RURAL,39,69,339,36,1,0,447,518,2001,90,495,17,40,54,92,57,1297,7,74,"MAHARASHTRA,NASIK RURAL"
MAHARASHTRA,NAVI MUMBAI,17,3,57,62,0,0,893,80,2001,318,228,19,15,148,34,88,617,5,23,"MAHARASHTRA,NAVI MUMBAI"
MAHARASHTRA,OSMANABAD,16,26,102,29,1,0,349,101,2001,45,171,8,8,34,48,17,626,2,52,"MAHARASHTRA,OSMANABAD"
MAHARASHTRA,PARBHANI,25,31,120,43,0,0,230,148,2001,18,70,22,5,42,49,14,440,1,57,"MAHARASHTRA,PARBHANI"
MAHARASHTRA,PUNE COMMR.,56,16,147,98,3,0,2508,903,2001,1277,300,46,14,347,71,84,2275,2,54,"MAHARASHTRA,PUNE COMMR."
MAHARASHTRA,PUNE RLY.,0,0,0,4,2,0,302,3,2001,1,0,0,1,3,4,1,52,0,3,"MAHARASHTRA,PUNE RLY."
MAHARASHTRA,PUNE RURAL,42,28,165,70,6,0,635,150,2001,168,698,24,23,46,119,35,1379,5,64,"MAHARASHTRA,PUNE RURAL"
MAHARASHTRA,RAIGAD,20,10,55,27,0,0,296,104,2001,54,275,8,13,44,53,16,764,1,29,"MAHARASHTRA,RAIGAD"
MAHARASHTRA,RATNAGIRI,10,17,62,14,1,0,256,69,2001,34,119,8,3,20,17,18,429,0,32,"MAHARASHTRA,RATNAGIRI"
MAHARASHTRA,SANGLI,32,47,96,27,1,0,515,128,2001,97,263,18,8,55,85,31,787,12,54,"MAHARASHTRA,SANGLI"
MAHARASHTRA,SATARA,32,24,179,20,0,0,464,93,2001,127,387,12,6,91,57,43,1210,13,49,"MAHARASHTRA,SATARA"
MAHARASHTRA,SINDHUDURG,7,11,8,4,1,0,106,17,2001,17,66,2,1,13,14,12,225,0,20,"MAHARASHTRA,SINDHUDURG"
MAHARASHTRA,SOLAPUR COMMR.,16,3,62,32,1,0,306,70,2001,98,82,15,7,49,30,7,449,6,15,"MAHARASHTRA,SOLAPUR COMMR."
MAHARASHTRA,SOLAPUR RURAL,35,29,90,29,3,0,365,162,2001,65,384,23,19,30,101,33,967,6,40,"MAHARASHTRA,SOLAPUR RURAL"
MAHARASHTRA,THANE COMMR.,39,4,212,146,3,0,1774,223,2001,644,251,62,27,477,133,76,624,6,69,"MAHARASHTRA,THANE COMMR."
MAHARASHTRA,THANE RURAL,65,30,104,53,17,0,523,148,2001,147,475,28,40,83,140,45,741,6,76,"MAHARASHTRA,THANE RURAL"
MAHARASHTRA,WARDHA,35,27,89,20,4,0,592,174,2001,30,139,12,6,29,60,15,1051,9,98,"MAHARASHTRA,WARDHA"
MAHARASHTRA,WASHIM,15,22,116,17,3,0,409,65,2001,21,61,13,7,5,29,5,441,10,60,"MAHARASHTRA,WASHIM"
MAHARASHTRA,YAVATMAL,56,25,177,33,10,0,788,106,2001,67,179,37,3,45,56,17,1204,12,125,"MAHARASHTRA,YAVATMAL"
MAHARASHTRA,TOTAL,1302,1208,6090,2239,101,0,39866,6719,2001,8873,8993,985,529,4273,2839,1542,42963,308,2823,"MAHARASHTRA,TOTAL"
MANIPUR,BISHNUPUR,1,7,1,2,1,0,11,11,2001,1,0,3,3,3,29,3,98,0,0,"MANIPUR,BISHNUPUR"
MANIPUR,CHANDEL,0,1,0,4,0,0,1,0,2001,0,0,1,16,1,7,1,20,0,0,"MANIPUR,CHANDEL"
MANIPUR,CHURACHANDPUR,1,3,0,0,0,0,12,0,2001,1,0,0,0,3,35,0,47,0,0,"MANIPUR,CHURACHANDPUR"
MANIPUR,IMPHAL(EAST),7,8,1,1,2,0,28,24,2001,16,0,13,0,16,29,6,128,0,2,"MANIPUR,IMPHAL(EAST)"
MANIPUR,IMPHAL(WEST),7,27,3,2,2,0,121,83,2001,52,1,48,1,25,44,18,521,0,17,"MANIPUR,IMPHAL(WEST)"
MANIPUR,SENAPATI,0,2,0,1,0,0,9,2,2001,0,0,6,0,1,27,3,111,0,0,"MANIPUR,SENAPATI"
MANIPUR,TAMENGLONG,0,3,0,0,0,0,4,0,2001,0,1,0,0,0,2,0,0,0,0,"MANIPUR,TAMENGLONG"
MANIPUR,THOUBAL,4,13,0,6,0,0,20,11,2001,1,5,22,0,17,32,2,156,0,1,"MANIPUR,THOUBAL"
MANIPUR,UKHRUL,0,0,0,3,0,0,11,0,2001,0,0,1,0,0,4,0,16,0,1,"MANIPUR,UKHRUL"
MANIPUR,TOTAL,20,64,5,19,5,0,217,131,2001,71,7,94,20,66,209,33,1097,0,21,"MANIPUR,TOTAL"
MEGHALAYA,GARO HILLS EAST,2,1,0,14,0,0,16,1,2001,0,0,5,7,1,16,2,39,0,2,"MEGHALAYA,GARO HILLS EAST"
MEGHALAYA,GARO HILLS SOUTH,1,0,1,4,0,0,8,1,2001,0,0,2,3,0,6,0,16,0,0,"MEGHALAYA,GARO HILLS SOUTH"
MEGHALAYA,GARO HILLS WEST,5,3,0,4,0,0,30,3,2001,3,0,14,9,4,19,0,74,0,8,"MEGHALAYA,GARO HILLS WEST"
MEGHALAYA,JAINTIA HILLS,7,2,0,7,0,0,30,1,2001,0,0,6,17,2,35,2,70,0,3,"MEGHALAYA,JAINTIA HILLS"
MEGHALAYA,KHASI HILLS EAST,5,19,3,68,1,0,142,2,2001,11,0,20,27,18,50,15,207,0,8,"MEGHALAYA,KHASI HILLS EAST"
MEGHALAYA,KHASI HILLS WEST,4,0,0,16,0,0,23,0,2001,0,0,0,19,1,16,0,39,0,2,"MEGHALAYA,KHASI HILLS WEST"
MEGHALAYA,RI-BHOI,2,1,0,12,1,0,22,0,2001,2,0,8,15,3,22,0,66,0,2,"MEGHALAYA,RI-BHOI"
MEGHALAYA,TOTAL,26,26,4,125,2,0,271,8,2001,16,0,55,97,29,164,19,511,0,25,"MEGHALAYA,TOTAL"
MIZORAM,AIZAWL,26,16,1,8,4,0,562,1,2001,9,12,0,0,45,12,16,94,0,13,"MIZORAM,AIZAWL"
MIZORAM,CHAMPHAI,7,1,0,0,0,0,51,0,2001,1,0,1,0,8,2,2,69,0,7,"MIZORAM,CHAMPHAI"
MIZORAM,KOLASIB,6,6,0,0,1,0,83,1,2001,1,7,0,0,5,3,4,53,0,15,"MIZORAM,KOLASIB"
MIZORAM,LAWNGTLAI,2,1,0,0,0,0,25,0,2001,0,0,0,1,2,2,0,112,0,0,"MIZORAM,LAWNGTLAI"
MIZORAM,LUNGLEI,3,0,0,0,0,0,120,0,2001,5,0,0,1,5,5,1,27,0,11,"MIZORAM,LUNGLEI"
MIZORAM,MAMIT,0,0,15,13,0,0,12,1,2001,0,0,0,1,0,4,0,20,0,0,"MIZORAM,MAMIT"
MIZORAM,SAIHA,3,0,0,1,0,0,0,0,2001,0,0,0,0,6,2,0,124,0,6,"MIZORAM,SAIHA"
MIZORAM,SERCHHIP,5,0,0,1,0,0,25,0,2001,1,4,1,0,0,1,0,0,0,0,"MIZORAM,SERCHHIP"
MIZORAM,TOTAL,52,24,16,23,5,0,878,3,2001,17,23,2,3,71,31,23,499,0,52,"MIZORAM,TOTAL"
NAGALAND,DIMAPUR,4,0,0,89,4,0,114,0,2001,48,14,13,4,7,36,10,99,0,0,"NAGALAND,DIMAPUR"
NAGALAND,KIPHIRE,0,0,0,0,0,0,5,0,2001,0,0,0,0,0,1,0,10,0,0,"NAGALAND,KIPHIRE"
NAGALAND,KOHIMA,6,0,0,19,0,0,66,0,2001,40,0,3,2,16,25,7,131,0,6,"NAGALAND,KOHIMA"
NAGALAND,MOKOKCHUNG,1,1,0,5,4,0,12,0,2001,1,0,1,1,3,12,0,32,0,0,"NAGALAND,MOKOKCHUNG"
NAGALAND,MON,2,0,0,5,1,0,6,0,2001,0,3,2,1,2,3,1,9,0,0,"NAGALAND,MON"
NAGALAND,PEREN,0,0,0,1,0,0,4,0,2001,0,0,0,0,1,0,0,11,0,0,"NAGALAND,PEREN"
NAGALAND,PHEK,1,0,0,2,0,0,7,0,2001,0,0,2,2,0,7,0,12,0,0,"NAGALAND,PHEK"
NAGALAND,TUENSANG,0,0,0,2,0,0,5,0,2001,0,0,0,1,2,1,2,18,0,0,"NAGALAND,TUENSANG"
NAGALAND,WOKHA,1,0,0,3,0,0,28,2,2001,0,2,2,0,1,12,0,23,0,0,"NAGALAND,WOKHA"
NAGALAND,ZUNHEBOTO,2,0,0,3,0,0,11,0,2001,0,0,0,0,2,4,0,18,0,0,"NAGALAND,ZUNHEBOTO"
NAGALAND,TOTAL,17,1,0,129,9,0,258,2,2001,89,19,23,11,34,101,20,363,0,6,"NAGALAND,TOTAL"
ODISHA,ANGUL,33,22,53,19,5,0,175,62,2001,9,184,5,3,26,39,10,488,8,90,"ODISHA,ANGUL"
ODISHA,BALASORE,58,26,68,43,2,0,164,76,2001,17,0,37,12,27,17,10,1305,36,92,"ODISHA,BALASORE"
ODISHA,BARAGARH,19,12,30,25,9,0,146,80,2001,0,83,8,0,16,23,6,580,0,41,"ODISHA,BARAGARH"
ODISHA,BERHAMPUR,10,14,29,54,1,0,143,41,2001,45,31,13,7,19,23,13,418,4,41,"ODISHA,BERHAMPUR"
ODISHA,BHADRAK,35,10,79,16,0,0,93,53,2001,7,45,20,2,11,27,9,770,23,29,"ODISHA,BHADRAK"
ODISHA,BOLANGIR,19,10,61,20,4,0,112,51,2001,6,0,16,3,38,32,8,554,4,91,"ODISHA,BOLANGIR"
ODISHA,BOUDH,6,20,6,5,0,0,39,24,2001,0,9,5,0,4,9,3,196,1,21,"ODISHA,BOUDH"
ODISHA,CUTTACK,34,28,125,121,0,0,738,33,2001,90,0,43,21,105,35,27,2416,39,42,"ODISHA,CUTTACK"
ODISHA,DEOGARH,8,2,8,7,1,0,22,17,2001,0,15,4,3,2,16,1,37,2,33,"ODISHA,DEOGARH"
ODISHA,DHENKANAL,15,20,31,26,1,0,84,55,2001,14,52,14,2,18,25,8,571,14,82,"ODISHA,DHENKANAL"
ODISHA,GAJAPATI,10,5,7,1,1,0,40,16,2001,2,27,5,2,13,19,2,233,1,13,"ODISHA,GAJAPATI"
ODISHA,GANJAM,22,30,9,31,1,0,124,64,2001,10,187,14,8,14,58,9,750,1,102,"ODISHA,GANJAM"
ODISHA,JAGATSINGHPUR,12,8,30,31,6,0,136,23,2001,8,32,21,9,7,26,6,728,16,13,"ODISHA,JAGATSINGHPUR"
ODISHA,JAJPUR,24,8,42,30,0,0,129,21,2001,16,85,14,2,9,21,2,758,16,16,"ODISHA,JAJPUR"
ODISHA,JHARSUGUDA,12,4,13,12,1,0,81,6,2001,15,133,5,4,11,15,6,280,4,39,"ODISHA,JHARSUGUDA"
ODISHA,KALAHANDI,30,3,9,34,0,0,75,91,2001,7,31,17,1,12,29,5,701,0,22,"ODISHA,KALAHANDI"
ODISHA,KANDHAMAL,34,14,29,19,2,0,115,44,2001,1,2,25,2,8,24,11,104,4,95,"ODISHA,KANDHAMAL"
ODISHA,KENDRAPARA,11,12,57,21,1,0,78,16,2001,10,85,15,4,10,24,6,320,24,66,"ODISHA,KENDRAPARA"
ODISHA,KEONJHAR,38,24,41,16,2,0,154,55,2001,10,0,19,4,17,62,12,1170,4,127,"ODISHA,KEONJHAR"
ODISHA,KHURDA,65,31,171,151,1,0,953,86,2001,356,161,39,24,126,46,27,1329,11,28,"ODISHA,KHURDA"
ODISHA,KORAPUT,38,8,132,16,7,0,153,64,2001,15,0,13,4,31,39,11,655,7,56,"ODISHA,KORAPUT"
ODISHA,MALKANGIR,14,5,12,8,2,0,42,23,2001,7,14,6,10,6,36,3,165,0,27,"ODISHA,MALKANGIR"
ODISHA,MAYURBHANJ,77,19,74,39,0,0,199,44,2001,17,97,31,16,22,74,19,975,19,141,"ODISHA,MAYURBHANJ"
ODISHA,NAYAGARH,17,15,9,19,1,0,60,37,2001,5,35,23,3,9,26,2,417,14,11,"ODISHA,NAYAGARH"
ODISHA,NOWRANGPUR,13,24,13,14,1,0,83,74,2001,3,0,11,13,3,19,4,272,0,41,"ODISHA,NOWRANGPUR"
ODISHA,NUAPADA,9,4,17,11,0,0,44,22,2001,3,12,4,0,5,13,7,267,0,16,"ODISHA,NUAPADA"
ODISHA,PURI,41,19,32,33,1,0,236,38,2001,28,69,32,11,24,25,12,1271,29,13,"ODISHA,PURI"
ODISHA,RAYAGADA,9,9,26,3,1,0,64,64,2001,1,30,6,4,11,35,4,478,1,33,"ODISHA,RAYAGADA"
ODISHA,ROURKELA,12,2,17,21,0,0,209,11,2001,35,0,6,7,21,20,4,616,2,35,"ODISHA,ROURKELA"
ODISHA,SAMBALPUR,18,7,18,50,0,0,303,56,2001,56,88,13,9,25,39,25,1032,0,82,"ODISHA,SAMBALPUR"
ODISHA,SONEPUR,8,3,11,6,2,0,35,17,2001,0,19,4,0,9,9,4,202,6,28,"ODISHA,SONEPUR"
ODISHA,SRP(CUTTACK),1,0,0,8,0,0,287,1,2001,8,1,5,2,2,3,2,101,0,5,"ODISHA,SRP(CUTTACK)"
ODISHA,SRP(ROURKELA),2,0,0,10,0,0,135,7,2001,3,0,3,2,1,7,0,81,0,2,"ODISHA,SRP(ROURKELA)"
ODISHA,SUNDARGARH,36,5,7,38,0,0,171,54,2001,13,62,26,5,19,72,7,570,4,82,"ODISHA,SUNDARGARH"
ODISHA,TOTAL,790,423,1266,958,53,0,5622,1426,2001,817,1589,522,199,681,987,285,20810,294,1655,"ODISHA,TOTAL"
PUNJAB,AMRITSAR,9,6,77,6,6,0,141,0,2001,70,80,34,0,121,36,23,315,7,9,"PUNJAB,AMRITSAR"
PUNJAB,BARNALA,12,5,24,0,1,0,39,0,2001,11,51,16,0,48,15,6,134,6,13,"PUNJAB,BARNALA"
PUNJAB,BATALA,8,1,19,2,4,0,26,0,2001,7,41,6,1,44,18,3,70,6,1,"PUNJAB,BATALA"
PUNJAB,BHATINDA,13,0,57,1,3,0,94,0,2001,26,3,15,2,164,25,19,295,4,15,"PUNJAB,BHATINDA"
PUNJAB,FARIDKOT,6,6,20,1,1,0,56,0,2001,15,0,11,3,46,12,8,107,4,11,"PUNJAB,FARIDKOT"
PUNJAB,FATEHGARH SAHIB,11,2,7,5,0,0,62,0,2001,15,117,12,0,44,16,16,211,4,4,"PUNJAB,FATEHGARH SAHIB"
PUNJAB,FEROZEPUR,22,5,22,5,5,0,115,0,2001,44,113,12,0,87,50,42,141,11,17,"PUNJAB,FEROZEPUR"
PUNJAB,G.R.P,0,0,0,3,0,0,41,0,2001,6,0,0,0,81,10,4,306,3,1,"PUNJAB,G.R.P"
PUNJAB,GURDASPUR,12,1,21,4,0,0,38,0,2001,6,95,17,1,31,22,11,180,6,4,"PUNJAB,GURDASPUR"
PUNJAB,HOSHIARPUR,19,7,46,10,0,0,119,0,2001,30,158,20,7,120,47,16,265,12,13,"PUNJAB,HOSHIARPUR"
PUNJAB,JAGRAON,19,2,27,5,1,0,90,0,2001,22,60,19,1,29,27,11,151,7,3,"PUNJAB,JAGRAON"
PUNJAB,JALANDHAR,21,10,104,6,4,0,290,0,2001,149,155,70,1,271,74,25,756,17,16,"PUNJAB,JALANDHAR"
PUNJAB,KAPURTHALA,8,2,34,5,1,0,64,0,2001,25,63,17,2,140,20,1,204,2,20,"PUNJAB,KAPURTHALA"
PUNJAB,KHANNA,6,2,15,6,2,0,44,1,2001,19,88,4,1,36,17,4,127,4,0,"PUNJAB,KHANNA"
PUNJAB,LUDHIANA,38,3,249,23,6,0,624,0,2001,383,208,88,6,437,74,41,1311,11,46,"PUNJAB,LUDHIANA"
PUNJAB,MAJITHA,9,0,20,1,9,0,31,0,2001,8,83,10,0,37,26,4,107,9,8,"PUNJAB,MAJITHA"
PUNJAB,MANSA,6,2,3,0,1,0,42,0,2001,17,0,5,1,36,25,6,108,2,3,"PUNJAB,MANSA"
PUNJAB,MOGA,11,0,25,6,6,0,64,0,2001,30,70,14,7,49,23,21,125,6,8,"PUNJAB,MOGA"
PUNJAB,MUKTSAR,3,0,16,1,2,0,49,0,2001,14,46,3,1,36,19,13,69,1,2,"PUNJAB,MUKTSAR"
PUNJAB,NAWAN SHAHR,11,0,14,5,2,0,57,0,2001,8,48,13,2,80,17,3,120,4,8,"PUNJAB,NAWAN SHAHR"
PUNJAB,PATIALA,23,0,232,16,17,0,583,0,2001,177,300,60,2,404,56,51,3173,10,128,"PUNJAB,PATIALA"
PUNJAB,ROPAR,6,5,33,1,4,0,129,0,2001,52,207,24,0,111,26,14,480,5,13,"PUNJAB,ROPAR"
PUNJAB,SANGRUR,15,4,36,13,0,0,157,0,2001,54,101,28,4,111,46,18,336,10,18,"PUNJAB,SANGRUR"
PUNJAB,TARN TARAN,10,0,27,6,5,0,68,0,2001,16,67,15,3,58,37,8,113,8,11,"PUNJAB,TARN TARAN"
PUNJAB,TOTAL,298,63,1128,131,80,0,3023,1,2001,1204,2154,513,45,2621,738,368,9204,159,372,"PUNJAB,TOTAL"
RAJASTHAN,AJMER,16,27,236,46,2,0,748,112,2001,248,339,133,8,314,39,12,3848,12,95,"RAJASTHAN,AJMER"
RAJASTHAN,ALWAR,34,44,235,52,0,0,964,445,2001,295,233,119,1,363,85,34,1862,43,124,"RAJASTHAN,ALWAR"
RAJASTHAN,BANSWARA,90,51,151,23,3,0,118,427,2001,14,56,61,4,54,40,8,726,10,112,"RAJASTHAN,BANSWARA"
RAJASTHAN,BARAN,81,47,124,32,3,0,365,167,2001,39,50,96,0,102,36,17,2398,3,219,"RAJASTHAN,BARAN"
